period,views,visitors,likes,comments,post_titles,
2014-06-20,0,0,0,0,[u'About', u'Projects: Smart Watch \u2013 Intro', u'Project: Smart Watch \u2013 Basic Testing and Software', u'Projects: Smart Watch \u2013 Power', u'Project: Smart Watch \u2013 Basic Layout', u'Project: Smart Watch \u2013 Circuit Board'],
2014-06-21,0,0,0,0,[],
2014-06-22,1,1,1,0,[u'Project: Smart Watch \u2013 PCB Paper Mockup', u'Project: Smart Watch \u2013 First Thoughts on Case'],
2014-06-23,0,0,0,0,[u'Project: Smart Watch \u2013 Making PCB + Destroying PCB (oops)'],
2014-06-24,1,1,6,0,[u'Project: Smart Watch \u2013 Making PCB and Successful Soldering :)'],
2014-06-25,0,0,0,0,[],
2014-06-26,0,0,0,0,[],
2014-06-27,0,0,0,0,[],
2014-06-28,1,1,0,0,[],
2014-06-29,0,0,0,0,[],
2014-06-30,0,0,0,0,[],
2014-07-01,1,1,0,0,[],
2014-07-02,0,0,0,0,[],
2014-07-03,0,0,0,0,[],
2014-07-04,0,0,0,0,[],
2014-07-05,2,2,0,0,[],
2014-07-06,0,0,0,0,[u'Project: Smart Watch \u2013 Main Circuitry complete'],
2014-07-07,0,0,0,0,[],
2014-07-08,0,0,0,0,[],
2014-07-09,1,1,0,0,[],
2014-07-10,0,0,0,0,[],
2014-07-11,1,1,0,0,[],
2014-07-12,0,0,0,0,[],
2014-07-13,0,0,0,0,[],
2014-07-14,0,0,0,0,[],
2014-07-15,0,0,0,0,[],
2014-07-16,0,0,0,0,[],
2014-07-17,0,0,0,0,[],
2014-07-18,0,0,0,0,[],
2014-07-19,2,1,0,0,[u'Project: Smart Watch \u2013 Case First Attempt Part 1'],
2014-07-20,23,3,0,2,[u'Project: Smart Watch \u2013 Case First Attempt Part 2'],
2014-07-21,2,1,0,0,[],
2014-07-22,1,1,0,0,[u'Project: Smart Watch \u2013 Batteries'],
2014-07-23,0,0,1,0,[],
2014-07-24,2,1,0,0,[],
2014-07-25,0,0,0,0,[],
2014-07-26,0,0,0,0,[],
2014-07-27,0,0,0,0,[],
2014-07-28,3,2,2,2,[u'Project: Smart Watch \u2013 Disaster (I thought)', u'Project: Smart Watch \u2013 Coming Together'],
2014-07-29,4,3,1,0,[],
2014-07-30,0,0,0,0,[],
2014-07-31,0,0,0,0,[],
2014-08-01,0,0,0,0,[u'Project: Smart Watch \u2013 Testing'],
2014-08-02,2,2,0,0,[],
2014-08-03,3,1,0,0,[],
2014-08-04,1,1,0,0,[],
2014-08-05,0,0,0,0,[],
2014-08-06,9,1,0,0,[],
2014-08-07,2,1,0,0,[],
2014-08-08,1,1,0,0,[u'Project: PCB Mill CNC \u2013 Introduction'],
2014-08-09,0,0,0,0,[u'Project: PCB Mill CNC \u2013 First Steps'],
2014-08-10,3,2,0,0,[u'Project: PCB Mill CNC \u2013 Testing the Motor Driver'],
2014-08-11,1,1,0,0,[],
2014-08-12,0,0,0,0,[],
2014-08-13,0,0,0,0,[],
2014-08-14,1,1,0,0,[],
2014-08-15,0,0,0,0,[],
2014-08-16,0,0,0,0,[],
2014-08-17,0,0,0,0,[],
2014-08-18,8,1,0,0,[],
2014-08-19,1,1,0,0,[],
2014-08-20,0,0,0,0,[u'Project: PCB Mill CNC \u2013 3D Model'],
2014-08-21,1,1,1,0,[],
2014-08-22,0,0,0,0,[],
2014-08-23,0,0,0,0,[],
2014-08-24,0,0,0,0,[],
2014-08-25,0,0,0,0,[],
2014-08-26,1,1,0,0,[],
2014-08-27,0,0,0,0,[],
2014-08-28,1,1,0,0,[],
2014-08-29,2,2,0,0,[],
2014-08-30,0,0,0,0,[],
2014-08-31,0,0,0,0,[],
2014-09-01,0,0,0,0,[],
2014-09-02,0,0,0,0,[],
2014-09-03,1,1,0,0,[],
2014-09-04,0,0,0,0,[],
2014-09-05,0,0,0,0,[],
2014-09-06,1,1,0,0,[],
2014-09-07,0,0,0,0,[],
2014-09-08,0,0,0,0,[],
2014-09-09,0,0,0,0,[],
2014-09-10,0,0,0,0,[],
2014-09-11,0,0,0,0,[],
2014-09-12,3,1,0,0,[],
2014-09-13,0,0,0,0,[],
2014-09-14,0,0,0,0,[],
2014-09-15,4,4,0,0,[],
2014-09-16,1,1,0,0,[],
2014-09-17,0,0,0,0,[],
2014-09-18,0,0,0,0,[],
2014-09-19,2,1,0,0,[],
2014-09-20,1,1,0,0,[],
2014-09-21,11,1,0,0,[],
2014-09-22,0,0,0,0,[],
2014-09-23,0,0,0,0,[],
2014-09-24,0,0,0,0,[],
2014-09-25,0,0,0,0,[],
2014-09-26,0,0,0,0,[],
2014-09-27,0,0,0,0,[],
2014-09-28,0,0,0,0,[],
2014-09-29,1,1,0,0,[],
2014-09-30,1,1,0,0,[],
2014-10-01,2,1,0,0,[],
2014-10-02,3,1,0,0,[],
2014-10-03,0,0,0,0,[],
2014-10-04,0,0,0,0,[],
2014-10-05,0,0,0,0,[],
2014-10-06,0,0,0,0,[],
2014-10-07,1,1,0,0,[],
2014-10-08,6,2,0,0,[],
2014-10-09,1,1,0,0,[],
2014-10-10,0,0,0,0,[u'Project: PCB Mill CNC \u2013 Built'],
2014-10-11,5,3,1,0,[],
2014-10-12,2,2,0,0,[],
2014-10-13,1,1,0,0,[],
2014-10-14,2,2,0,0,[],
2014-10-15,0,0,0,0,[],
2014-10-16,0,0,0,0,[],
2014-10-17,0,0,0,0,[],
2014-10-18,2,2,0,0,[],
2014-10-19,0,0,0,0,[],
2014-10-20,5,4,0,0,[],
2014-10-21,16,1,0,0,[],
2014-10-22,0,0,0,0,[],
2014-10-23,0,0,0,0,[],
2014-10-24,0,0,0,0,[],
2014-10-25,1,1,0,0,[],
2014-10-26,0,0,0,0,[],
2014-10-27,0,0,0,0,[],
2014-10-28,0,0,0,0,[],
2014-10-29,1,1,0,0,[],
2014-10-30,0,0,0,0,[],
2014-10-31,0,0,0,0,[],
2014-11-01,1,1,0,0,[],
2014-11-02,1,1,0,0,[],
2014-11-03,0,0,0,0,[],
2014-11-04,0,0,0,0,[],
2014-11-05,4,1,0,0,[],
2014-11-06,1,1,0,0,[],
2014-11-07,1,1,0,0,[],
2014-11-08,0,0,0,0,[],
2014-11-09,0,0,0,0,[],
2014-11-10,0,0,0,0,[],
2014-11-11,0,0,0,0,[],
2014-11-12,4,2,0,0,[],
2014-11-13,2,2,1,0,[u'Mini-Project: Android App \u2013 Make The Number!'],
2014-11-14,1,1,0,0,[],
2014-11-15,0,0,0,0,[],
2014-11-16,0,0,0,0,[],
2014-11-17,0,0,0,0,[],
2014-11-18,2,1,0,0,[],
2014-11-19,3,3,0,0,[],
2014-11-20,0,0,0,0,[],
2014-11-21,1,1,0,0,[],
2014-11-22,2,2,0,0,[],
2014-11-23,0,0,0,0,[],
2014-11-24,0,0,0,0,[],
2014-11-25,1,1,0,0,[],
2014-11-26,3,1,0,0,[],
2014-11-27,0,0,0,0,[],
2014-11-28,0,0,0,0,[],
2014-11-29,0,0,0,0,[],
2014-11-30,0,0,0,0,[],
2014-12-01,1,1,0,0,[],
2014-12-02,0,0,0,0,[],
2014-12-03,0,0,0,0,[],
2014-12-04,0,0,0,0,[],
2014-12-05,0,0,0,0,[],
2014-12-06,0,0,0,0,[],
2014-12-07,0,0,0,0,[],
2014-12-08,0,0,0,0,[],
2014-12-09,0,0,0,0,[],
2014-12-10,8,3,0,0,[],
2014-12-11,4,2,0,0,[],
2014-12-12,0,0,0,0,[],
2014-12-13,0,0,0,0,[],
2014-12-14,0,0,0,0,[],
2014-12-15,0,0,0,0,[],
2014-12-16,0,0,0,0,[],
2014-12-17,1,1,0,0,[],
2014-12-18,0,0,0,0,[],
2014-12-19,0,0,0,0,[],
2014-12-20,0,0,0,0,[],
2014-12-21,1,1,0,0,[],
2014-12-22,0,0,0,0,[],
2014-12-23,0,0,0,0,[],
2014-12-24,0,0,0,0,[],
2014-12-25,1,1,0,0,[],
2014-12-26,2,2,0,0,[],
2014-12-27,0,0,0,0,[],
2014-12-28,0,0,0,0,[],
2014-12-29,2,2,0,0,[],
2014-12-30,3,3,0,0,[],
2014-12-31,0,0,0,0,[],
2015-01-01,0,0,0,0,[],
2015-01-02,0,0,0,0,[],
2015-01-03,0,0,0,0,[],
2015-01-04,0,0,0,0,[],
2015-01-05,1,1,0,0,[],
2015-01-06,0,0,0,0,[],
2015-01-07,1,1,0,0,[],
2015-01-08,1,1,0,0,[],
2015-01-09,6,4,0,0,[u'Project: PCB Mill CNC \u2013 In Use!'],
2015-01-10,0,0,0,0,[],
2015-01-11,0,0,0,0,[],
2015-01-12,0,0,0,0,[],
2015-01-13,0,0,0,0,[],
2015-01-14,0,0,0,0,[],
2015-01-15,1,1,0,0,[],
2015-01-16,0,0,0,0,[],
2015-01-17,2,1,0,0,[],
2015-01-18,0,0,0,0,[],
2015-01-19,0,0,0,0,[],
2015-01-20,0,0,0,0,[],
2015-01-21,0,0,0,0,[],
2015-01-22,0,0,0,0,[],
2015-01-23,0,0,0,0,[],
2015-01-24,0,0,0,0,[],
2015-01-25,0,0,0,0,[],
2015-01-26,1,1,0,0,[],
2015-01-27,0,0,0,0,[],
2015-01-28,0,0,0,0,[],
2015-01-29,2,1,0,0,[],
2015-01-30,0,0,0,0,[],
2015-01-31,3,1,0,0,[],
2015-02-01,0,0,0,0,[],
2015-02-02,0,0,0,0,[],
2015-02-03,0,0,0,0,[],
2015-02-04,0,0,0,0,[],
2015-02-05,0,0,0,0,[],
2015-02-06,0,0,0,0,[],
2015-02-07,0,0,0,0,[],
2015-02-08,0,0,0,0,[],
2015-02-09,0,0,0,0,[],
2015-02-10,2,2,0,0,[],
2015-02-11,0,0,0,0,[],
2015-02-12,0,0,0,0,[],
2015-02-13,0,0,0,0,[],
2015-02-14,0,0,0,0,[],
2015-02-15,0,0,0,0,[],
2015-02-16,0,0,0,0,[],
2015-02-17,1,1,0,0,[],
2015-02-18,1,1,0,0,[],
2015-02-19,0,0,0,0,[],
2015-02-20,0,0,0,0,[],
2015-02-21,1,1,0,0,[],
2015-02-22,0,0,0,0,[],
2015-02-23,0,0,0,0,[],
2015-02-24,2,2,0,0,[],
2015-02-25,0,0,0,0,[],
2015-02-26,6,2,0,0,[],
2015-02-27,1,1,0,0,[],
2015-02-28,0,0,0,0,[],
2015-03-01,0,0,0,0,[],
2015-03-02,10,4,2,0,[u'Project: Analogue Tape Delay \u2013 Beginnings', u'Project: Analogue Tape Delay \u2013 First Parts arrive', u'Project: Analogue Tape Delay \u2013 Measuring signals for recording'],
2015-03-03,24,4,2,0,[],
2015-03-04,9,3,0,0,[],
2015-03-05,0,0,0,0,[],
2015-03-06,7,4,0,0,[],
2015-03-07,2,1,0,0,[],
2015-03-08,3,3,0,0,[u'Project: Analogue Tape Delay \u2013 Amplifying Tape Signal'],
2015-03-09,2,2,0,0,[],
2015-03-10,14,4,0,0,[],
2015-03-11,18,8,0,0,[],
2015-03-12,6,5,0,0,[u'Project: Analogue Tape Delay \u2013 Writing to Tape'],
2015-03-13,0,0,1,0,[],
2015-03-14,0,0,0,0,[],
2015-03-15,0,0,0,0,[],
2015-03-16,1,1,0,0,[],
2015-03-17,2,1,0,0,[],
2015-03-18,0,0,0,0,[],
2015-03-19,1,1,0,0,[],
2015-03-20,2,1,1,0,[u'Project: Analogue Tape Delay \u2013 Slowly Building the Circuit'],
2015-03-21,0,0,0,0,[],
2015-03-22,0,0,0,0,[],
2015-03-23,0,0,0,0,[],
2015-03-24,0,0,0,0,[],
2015-03-25,0,0,0,0,[],
2015-03-26,0,0,0,0,[u'Project: Analogue Tape Delay \u2013 Modifying the Motor'],
2015-03-27,1,1,0,0,[],
2015-03-28,0,0,0,0,[],
2015-03-29,0,0,0,0,[],
2015-03-30,1,1,0,0,[],
2015-03-31,7,1,0,0,[],
2015-04-01,5,3,0,0,[],
2015-04-02,1,1,0,0,[],
2015-04-03,1,1,0,0,[],
2015-04-04,0,0,0,0,[],
2015-04-05,0,0,0,0,[],
2015-04-06,0,0,0,0,[],
2015-04-07,0,0,0,0,[],
2015-04-08,0,0,0,0,[],
2015-04-09,0,0,0,0,[],
2015-04-10,6,1,0,0,[],
2015-04-11,1,1,0,0,[],
2015-04-12,0,0,0,0,[],
2015-04-13,0,0,0,0,[],
2015-04-14,3,1,0,0,[u'Project: Analogue Tape Delay \u2013 Etching PCB'],
2015-04-15,0,0,0,0,[],
2015-04-16,0,0,0,0,[],
2015-04-17,0,0,0,0,[],
2015-04-18,0,0,0,0,[],
2015-04-19,0,0,0,0,[],
2015-04-20,0,0,0,0,[],
2015-04-21,1,1,0,0,[],
2015-04-22,0,0,0,0,[],
2015-04-23,0,0,0,0,[],
2015-04-24,1,1,5,0,[],
2015-04-25,0,0,0,0,[],
2015-04-26,0,0,0,0,[],
2015-04-27,0,0,0,0,[],
2015-04-28,0,0,0,0,[],
2015-04-29,0,0,0,0,[],
2015-04-30,0,0,0,0,[],
2015-05-01,0,0,0,0,[],
2015-05-02,0,0,0,0,[],
2015-05-03,0,0,0,0,[],
2015-05-04,6,1,0,0,[],
2015-05-05,0,0,0,0,[],
2015-05-06,0,0,0,0,[],
2015-05-07,0,0,0,0,[],
2015-05-08,0,0,0,0,[],
2015-05-09,1,1,0,0,[u'Project: Analogue Tape Delay \u2013 Assembley'],
2015-05-10,7,2,2,0,[],
2015-05-11,10,6,2,0,[u'Project: Analogue Tape Delay \u2013 Final Demonstration'],
2015-05-12,2,1,0,0,[],
2015-05-13,2,1,0,0,[],
2015-05-14,0,0,0,0,[],
2015-05-15,0,0,0,0,[],
2015-05-16,0,0,0,0,[],
2015-05-17,2,1,0,0,[],
2015-05-18,0,0,0,0,[],
2015-05-19,0,0,0,0,[],
2015-05-20,0,0,0,0,[],
2015-05-21,0,0,0,0,[],
2015-05-22,0,0,0,0,[],
2015-05-23,0,0,0,0,[],
2015-05-24,0,0,0,0,[],
2015-05-25,0,0,0,0,[],
2015-05-26,0,0,0,0,[],
2015-05-27,3,1,0,0,[],
2015-05-28,4,2,0,0,[],
2015-05-29,0,0,0,0,[],
2015-05-30,4,1,0,0,[],
2015-05-31,0,0,0,0,[],
2015-06-01,0,0,0,0,[],
2015-06-02,1,1,0,0,[],
2015-06-03,0,0,0,0,[],
2015-06-04,0,0,0,0,[],
2015-06-05,2,1,0,0,[],
2015-06-06,10,2,0,0,[],
2015-06-07,0,0,0,0,[],
2015-06-08,0,0,0,0,[],
2015-06-09,0,0,0,0,[],
2015-06-10,0,0,0,0,[],
2015-06-11,0,0,0,0,[],
2015-06-12,2,1,0,0,[],
2015-06-13,0,0,0,0,[],
2015-06-14,0,0,0,0,[],
2015-06-15,0,0,0,0,[],
2015-06-16,3,2,0,0,[],
2015-06-17,6,4,0,0,[u'Project: Nixie Clock \u2013 Beginnings'],
2015-06-18,1,1,1,0,[],
2015-06-19,0,0,0,0,[],
2015-06-20,0,0,0,0,[],
2015-06-21,0,0,0,0,[],
2015-06-22,2,1,0,0,[],
2015-06-23,0,0,0,0,[],
2015-06-24,11,3,1,0,[u'Project: Nixie Clocks \u2013 Preventing Electrocution'],
2015-06-25,0,0,0,0,[],
2015-06-26,0,0,0,0,[],
2015-06-27,4,2,0,0,[],
2015-06-28,1,1,0,0,[],
2015-06-29,0,0,0,0,[],
2015-06-30,3,2,0,0,[],
2015-07-01,0,0,0,0,[],
2015-07-02,0,0,0,0,[],
2015-07-03,0,0,0,0,[],
2015-07-04,0,0,0,0,[],
2015-07-05,0,0,0,0,[],
2015-07-06,6,2,0,0,[],
2015-07-07,6,1,0,0,[],
2015-07-08,0,0,0,0,[],
2015-07-09,0,0,0,0,[],
2015-07-10,1,1,0,0,[],
2015-07-11,0,0,0,0,[],
2015-07-12,0,0,0,0,[],
2015-07-13,0,0,0,0,[],
2015-07-14,2,2,0,0,[],
2015-07-15,0,0,0,0,[],
2015-07-16,1,1,0,0,[],
2015-07-17,2,1,0,0,[],
2015-07-18,0,0,0,0,[],
2015-07-19,0,0,0,0,[],
2015-07-20,1,1,0,0,[],
2015-07-21,1,1,0,0,[],
2015-07-22,2,1,0,0,[],
2015-07-23,0,0,0,0,[],
2015-07-24,1,1,0,0,[],
2015-07-25,1,1,0,0,[],
2015-07-26,2,1,0,0,[],
2015-07-27,0,0,0,0,[u'Project: Nixie Clock \u2013 Why I am using strip-board for the logic'],
2015-07-28,3,2,3,0,[u'Project: Nixie Clock \u2013 Making the Box'],
2015-07-29,0,0,0,0,[],
2015-07-30,0,0,0,0,[],
2015-07-31,10,2,0,0,[],
2015-08-01,0,0,0,0,[],
2015-08-02,0,0,0,0,[],
2015-08-03,2,1,0,0,[],
2015-08-04,0,0,0,0,[],
2015-08-05,7,4,5,0,[u'Project: Nixie Clock \u2013 Completion'],
2015-08-06,0,0,0,0,[],
2015-08-07,0,0,0,0,[],
2015-08-08,0,0,0,0,[],
2015-08-09,0,0,0,0,[],
2015-08-10,7,2,0,0,[],
2015-08-11,0,0,0,0,[],
2015-08-12,0,0,0,0,[],
2015-08-13,0,0,0,0,[],
2015-08-14,2,2,0,0,[],
2015-08-15,0,0,0,0,[],
2015-08-16,0,0,0,0,[u'Mini Project: Home made Stick-Vise\u2122'],
2015-08-17,5,4,0,0,[],
2015-08-18,0,0,0,0,[],
2015-08-19,12,2,2,0,[u'Mini Project: Infra-red Repeater'],
2015-08-20,0,0,0,0,[],
2015-08-21,3,2,0,0,[],
2015-08-22,1,1,0,0,[],
2015-08-23,6,1,2,0,[u'Mini Project: Wire Spool Rack'],
2015-08-24,3,2,0,0,[],
2015-08-25,9,4,0,0,[],
2015-08-26,1,1,0,0,[],
2015-08-27,7,3,0,0,[],
2015-08-28,9,3,0,0,[],
2015-08-29,0,0,0,0,[],
2015-08-30,0,0,0,0,[],
2015-08-31,1,1,0,0,[],
2015-09-01,1,1,0,0,[],
2015-09-02,15,1,0,0,[],
2015-09-03,0,0,0,0,[],
2015-09-04,11,4,0,0,[],
2015-09-05,0,0,0,0,[],
2015-09-06,6,2,0,0,[],
2015-09-07,0,0,0,0,[],
2015-09-08,1,1,0,0,[],
2015-09-09,6,2,0,0,[],
2015-09-10,1,1,0,0,[],
2015-09-11,5,2,0,0,[],
2015-09-12,0,0,0,0,[],
2015-09-13,2,1,0,0,[],
2015-09-14,7,3,0,0,[],
2015-09-15,1,1,0,0,[],
2015-09-16,0,0,0,0,[],
2015-09-17,3,2,0,0,[],
2015-09-18,1,1,0,0,[],
2015-09-19,0,0,0,0,[],
2015-09-20,2,2,0,0,[],
2015-09-21,0,0,0,0,[],
2015-09-22,15,1,0,0,[],
2015-09-23,0,0,0,0,[],
2015-09-24,1,1,0,0,[],
2015-09-25,0,0,0,0,[],
2015-09-26,0,0,0,0,[],
2015-09-27,2,1,0,0,[],
2015-09-28,1,1,0,0,[],
2015-09-29,0,0,0,0,[],
2015-09-30,0,0,0,0,[],
2015-10-01,1,1,0,0,[],
2015-10-02,0,0,0,0,[],
2015-10-03,0,0,0,0,[],
2015-10-04,0,0,0,0,[],
2015-10-05,0,0,0,0,[],
2015-10-06,2,1,0,0,[],
2015-10-07,0,0,0,0,[],
2015-10-08,5,4,0,0,[],
2015-10-09,11,2,0,0,[],
2015-10-10,3,3,0,0,[],
2015-10-11,2,1,0,0,[],
2015-10-12,2,1,0,0,[],
2015-10-13,12,2,0,0,[],
2015-10-14,6,3,0,0,[],
2015-10-15,3,1,0,0,[],
2015-10-16,0,0,0,0,[],
2015-10-17,1,1,0,0,[],
2015-10-18,3,2,0,0,[],
2015-10-19,7,4,0,0,[],
2015-10-20,23,2,0,0,[],
2015-10-21,25,7,0,0,[],
2015-10-22,4,1,0,0,[],
2015-10-23,3,1,0,0,[],
2015-10-24,0,0,0,0,[],
2015-10-25,1,1,0,0,[],
2015-10-26,13,6,0,0,[],
2015-10-27,4,1,0,0,[],
2015-10-28,10,2,0,0,[],
2015-10-29,6,2,0,0,[],
2015-10-30,10,3,0,0,[],
2015-10-31,4,1,0,0,[],
2015-11-01,2,1,0,0,[],
2015-11-02,10,3,0,0,[],
2015-11-03,13,4,0,0,[],
2015-11-04,21,4,0,2,[],
2015-11-05,15,5,0,0,[],
2015-11-06,14,1,2,0,[u'New Project: Remoteli \u2013 The Worlds Smallest TV Remote', u'Project: Remoteli \u2013 Specification'],
2015-11-07,0,0,0,0,[u'Project: Remoteli \u2013 Design'],
2015-11-08,1,1,0,0,[],
2015-11-09,14,3,0,0,[u'Project: Remoteli \u2013 Bottom board'],
2015-11-10,4,2,0,0,[],
2015-11-11,2,1,0,0,[],
2015-11-12,6,3,0,0,[],
2015-11-13,9,4,0,0,[],
2015-11-14,1,1,0,0,[],
2015-11-15,0,0,0,0,[],
2015-11-16,4,3,0,0,[u'Project: Remoteli \u2013 IR Receiver'],
2015-11-17,11,2,0,0,[],
2015-11-18,3,2,0,0,[],
2015-11-19,3,2,0,0,[],
2015-11-20,26,7,0,0,[],
2015-11-21,0,0,0,0,[],
2015-11-22,8,5,0,0,[],
2015-11-23,19,6,0,0,[],
2015-11-24,4,2,0,0,[],
2015-11-25,8,5,0,0,[],
2015-11-26,1,1,0,0,[],
2015-11-27,2,2,0,0,[],
2015-11-28,2,2,0,0,[],
2015-11-29,18,3,0,0,[],
2015-11-30,6,4,0,0,[],
2015-12-01,3,2,0,0,[],
2015-12-02,5,3,0,0,[],
2015-12-03,4,3,0,0,[],
2015-12-04,16,2,0,0,[],
2015-12-05,6,2,0,0,[],
2015-12-06,8,3,0,0,[],
2015-12-07,1,1,0,0,[],
2015-12-08,2,2,0,0,[],
2015-12-09,3,2,0,0,[],
2015-12-10,4,3,0,0,[],
2015-12-11,6,1,0,0,[],
2015-12-12,4,1,0,0,[u'Project: Remoteli \u2013 Circuit Board Second Version'],
2015-12-13,35,20,2,0,[u'Project: Remoteli \u2013 Fully Populating Board V2'],
2015-12-14,53,19,0,0,[],
2015-12-15,27,8,0,0,[],
2015-12-16,1,1,0,0,[u'Project: Remoteli \u2013 What\u2019s wrong with this pin?!'],
2015-12-17,15,5,0,0,[],
2015-12-18,34,2,0,0,[],
2015-12-19,17,5,0,0,[],
2015-12-20,4,1,0,0,[],
2015-12-21,11,2,0,0,[],
2015-12-22,9,3,0,0,[],
2015-12-23,5,4,0,0,[],
2015-12-24,10,3,0,0,[],
2015-12-25,30,7,0,0,[],
2015-12-26,11,2,0,0,[],
2015-12-27,3,2,0,0,[u'Miscellaneous: Santa LED Kit \u2013 Complaining'],
2015-12-28,0,0,0,0,[],
2015-12-29,2,2,0,0,[],
2015-12-30,2,2,0,0,[],
2015-12-31,5,3,0,0,[],
2016-01-01,4,3,0,0,[],
2016-01-02,8,2,0,0,[],
2016-01-03,2,2,0,0,[],
2016-01-04,10,4,0,0,[],
2016-01-05,7,5,0,0,[],
2016-01-06,5,3,0,0,[],
2016-01-07,4,4,0,0,[u'Mini Project: LM317 Power Supply'],
2016-01-08,13,6,0,0,[],
2016-01-09,4,3,0,0,[],
2016-01-10,25,7,0,0,[],
2016-01-11,50,5,0,0,[],
2016-01-12,9,6,0,0,[],
2016-01-13,24,4,0,0,[],
